,date,Open,High,Low,Close,Volume
STK1,2025-06-06,27.475,27.48,27.395,27.44,758374.0
STK1,2025-06-05,27.2,27.3259,27.195,27.3,1105546.0
STK1,2025-06-04,27.37,27.3908,27.2831,27.32,769772.0
STK1,2025-06-03,27.41,27.45,27.38,27.44,1306936.0
STK1,2025-06-02,27.33,27.3465,27.2543,27.26,1051213.0
STK1,2025-05-30,27.51,27.5499,27.44,27.45,1030002.0
STK1,2025-05-29,27.48,27.5,27.415,27.46,980363.0
STK1,2025-05-28,27.58,27.61,27.525,27.61,801325.0
STK1,2025-05-27,27.4,27.52,27.4,27.52,1060546.0
STK1,2025-05-23,27.44,27.4699,27.34,27.37,1261335.0
STK1,2025-05-22,27.54,27.63,27.53,27.57,656658.0
STK1,2025-05-21,27.48,27.5,27.4,27.49,859200.0
STK1,2025-05-20,27.71,27.71,27.59,27.61,430275.0
STK1,2025-05-19,27.65,27.721,27.64,27.69,894436.0
STK1,2025-05-16,27.81,27.9248,27.771,27.88,807779.0
STK1,2025-05-15,27.78,27.84,27.75,27.8,850483.0
STK1,2025-05-14,27.73,27.87,27.705,27.87,1026587.0
STK1,2025-05-13,27.94,27.9554,27.81,27.81,736933.0
STK1,2025-05-12,27.975,28.1093,27.95,28.05,1948689.0
STK1,2025-05-09,27.65,27.6769,27.5901,27.66,1307051.0
STK1,2025-05-08,27.52,27.77,27.51,27.74,869600.0
STK1,2025-05-07,27.39,27.52,27.36,27.51,812228.0
STK1,2025-05-06,27.37,27.4,27.305,27.31,649983.0
STK1,2025-05-05,27.39,27.5155,27.39,27.48,617675.0
STK1,2025-05-02,27.44,27.545,27.36,27.53,1285621.0
STK1,2025-05-01,27.49,27.63,27.48,27.57,1921407.0
STK1,2025-04-30,27.37,27.42,27.33,27.41,829286.0
STK1,2025-04-29,27.25,27.32,27.235,27.31,852381.0
STK1,2025-04-28,27.38,27.385,27.21,27.22,520428.0
STK1,2025-04-25,27.42,27.45,27.35,27.39,680645.0
STK1,2025-04-24,27.32,27.38,27.285,27.32,757110.0
STK1,2025-04-23,27.28,27.4656,27.25,27.44,3933451.0
STK1,2025-04-22,27.09,27.21,27.055,27.19,2219235.0
STK1,2025-04-21,27.02,27.08,26.99,27.04,1208917.0
STK1,2025-04-17,27.33,27.36,27.27,27.3,499944.0
STK1,2025-04-16,27.34,27.37,27.235,27.28,1330531.0
STK1,2025-04-15,27.42,27.533,27.39,27.51,757764.0
STK1,2025-04-14,27.48,27.5,27.33,27.36,967979.0
STK1,2025-04-11,27.31,27.56,27.29,27.45,1811560.0
STK1,2025-04-10,27.88,27.9,27.6301,27.7,1867585.0
STK1,2025-04-09,27.98,28.34,27.98,28.29,1720938.0
STK1,2025-04-08,28.26,28.39,28.195,28.25,491668.0
STK1,2025-04-07,28.25,28.42,28.25,28.38,2740472.0
STK1,2025-04-04,28.04,28.3,28.015,28.26,1486067.0
STK1,2025-04-03,27.85,28.02,27.785,27.95,5057762.0
STK1,2025-04-02,28.49,28.52,28.42,28.45,382753.0
STK1,2025-04-01,28.57,28.5977,28.52,28.57,371279.0
STK1,2025-03-31,28.51,28.595,28.51,28.54,980881.0
STK1,2025-03-28,28.54,28.56,28.47,28.51,364731.0
STK1,2025-03-27,28.6,28.615,28.51,28.56,618156.0
STK1,2025-03-26,28.6,28.65,28.555,28.65,319076.0
STK1,2025-03-25,28.49,28.54,28.4608,28.52,329123.0
STK1,2025-03-24,28.5,28.605,28.5,28.55,551009.0
STK1,2025-03-21,28.48,28.53,28.46,28.5,621589.0
STK1,2025-03-20,28.48,28.5,28.41,28.41,765347.0
STK1,2025-03-19,28.36,28.4321,28.305,28.33,382645.0
STK1,2025-03-18,28.32,28.35,28.24,28.26,457644.0
STK1,2025-03-17,28.33,28.34,28.2618,28.28,569874.0
STK1,2025-03-14,28.37,28.41,28.35,28.39,1693602.0
STK1,2025-03-13,28.43,28.44,28.36,28.42,468945.0
STK1,2025-03-12,28.35,28.38,28.265,28.32,408729.0
STK1,2025-03-11,28.26,28.31,28.22,28.25,1346953.0
STK1,2025-03-10,28.36,28.45,28.35,28.41,1299727.0
STK1,2025-03-07,28.31,28.43,28.295,28.39,531348.0
STK1,2025-03-06,28.41,28.505,28.35,28.48,575511.0
STK1,2025-03-05,28.58,28.6,28.48,28.5,1374192.0
STK1,2025-03-04,29.01,29.06,28.845,28.85,971065.0
STK1,2025-03-03,29.16,29.18,29.08,29.11,1346663.0
STK1,2025-02-28,29.3,29.4,29.275,29.39,2018271.0
STK1,2025-02-27,29.22,29.2899,29.19,29.26,1078911.0
STK1,2025-02-26,29.07,29.1,28.98,29.05,610400.0
STK1,2025-02-25,29.03,29.07,28.97,28.99,1099409.0
STK1,2025-02-24,29.09,29.125,29.04,29.1,885677.0
STK1,2025-02-21,29.09,29.11,29.035,29.08,680637.0
STK1,2025-02-20,29.13,29.135,28.98,28.98,1311329.0
STK1,2025-02-19,29.22,29.29,29.19,29.21,518584.0
STK1,2025-02-18,29.17,29.21,29.1379,29.18,1484882.0
STK1,2025-02-14,29.08,29.12,29.055,29.12,658593.0
STK1,2025-02-13,29.38,29.4,29.17,29.2,1642617.0
STK1,2025-02-12,29.49,29.535,29.33,29.44,865744.0
STK1,2025-02-11,29.46,29.48,29.36,29.42,973446.0
STK1,2025-02-10,29.51,29.53,29.47,29.52,754332.0
STK1,2025-02-07,29.32,29.49,29.31,29.43,1054527.0
STK1,2025-02-06,29.38,29.4101,29.29,29.3,1254383.0
STK1,2025-02-05,29.26,29.32,29.21,29.32,1628288.0
STK1,2025-02-04,29.49,29.5078,29.37,29.37,1148375.0
STK1,2025-02-03,29.73,29.7799,29.54,29.64,2511684.0
STK1,2025-01-31,29.47,29.52,29.322,29.51,811018.0
STK1,2025-01-30,29.3,29.44,29.2801,29.39,897088.0
STK1,2025-01-29,29.41,29.43,29.34,29.39,1136669.0
STK1,2025-01-28,29.32,29.365,29.31,29.33,390113.0
STK1,2025-01-27,29.12,29.22,29.12,29.21,977961.0
STK1,2025-01-24,29.24,29.26,29.135,29.2,10044751.0
STK1,2025-01-23,29.41,29.49,29.32,29.38,876471.0
STK1,2025-01-22,29.37,29.4196,29.36,29.39,1497365.0
STK1,2025-01-21,29.44,29.475,29.3201,29.34,1743140.0
STK1,2025-01-17,29.69,29.725,29.58,29.72,1072260.0
STK1,2025-01-16,29.67,29.71,29.565,29.61,658279.0
STK1,2025-01-15,29.53,29.6958,29.5,29.61,1056175.0
STK1,2025-01-14,29.76,29.775,29.66,29.66,1161128.0
STK1,2025-01-13,29.85,29.9,29.82,29.85,1352593.0
STK1,2025-01-10,29.74,29.815,29.681,29.76,1410004.0
STK1,2025-01-08,29.65,29.655,29.58,29.61,2158791.0
STK1,2025-01-07,29.37,29.5,29.36,29.5,1505568.0
STK1,2025-01-06,29.39,29.425,29.3499,29.39,3883286.0
STK1,2025-01-03,29.63,29.68,29.56,29.58,7967970.0
STK1,2025-01-02,29.51,29.705,29.492,29.67,1397580.0
STK1,2024-12-31,29.35,29.455,29.335,29.42,752363.0
STK1,2024-12-30,29.33,29.39,29.29,29.29,775065.0
STK1,2024-12-27,29.26,29.31,29.25,29.26,462204.0
STK1,2024-12-26,29.34,29.35,29.2799,29.31,554778.0
STK1,2024-12-24,29.3,29.37,29.28,29.37,388592.0
STK1,2024-12-23,29.29,29.345,29.2501,29.29,818702.0
STK1,2024-12-20,30.59,30.5982,30.44,30.5,992302.0
STK1,2024-12-19,30.57,30.69,30.5525,30.65,715325.0
STK1,2024-12-18,30.28,30.6299,30.24,30.59,988683.0
STK1,2024-12-17,30.23,30.26,30.185,30.24,392138.0
STK1,2024-12-16,30.25,30.2953,30.185,30.21,1629853.0
STK1,2024-12-13,30.22,30.2656,30.2148,30.26,1272767.0
STK1,2024-12-12,30.17,30.25,30.1,30.25,815640.0
STK1,2024-12-11,30.09,30.1673,30.0803,30.15,1269362.0
STK1,2024-12-10,30.04,30.12,30.03,30.05,480273.0
STK1,2024-12-09,29.9,30.0,29.88,29.98,1351717.0
STK1,2024-12-06,29.86,29.9862,29.85,29.93,557458.0
STK1,2024-12-05,29.89,29.935,29.8404,29.85,1047045.0
STK1,2024-12-04,30.07,30.095,29.9401,30.01,475107.0
STK1,2024-12-03,29.95,30.03,29.9401,30.02,375717.0
STK1,2024-12-02,30.03,30.12,29.9781,30.03,850164.0
STK1,2024-11-29,29.91,29.94,29.85,29.85,475073.0
STK1,2024-11-27,29.94,30.0,29.845,29.9,780743.0
STK1,2024-11-26,30.13,30.218,30.105,30.16,904919.0
STK1,2024-11-25,30.06,30.1999,30.05,30.12,1070008.0
STK1,2024-11-22,30.31,30.41,30.2824,30.33,337564.0
STK1,2024-11-21,30.06,30.195,29.99,30.17,706186.0
STK1,2024-11-20,30.05,30.12,30.0496,30.07,717875.0
STK1,2024-11-19,29.91,29.97,29.9,29.92,707377.0
STK1,2024-11-18,30.01,30.02,29.8946,29.93,1559098.0
STK1,2024-11-15,30.06,30.105,30.0,30.08,738188.0
STK1,2024-11-14,30.0,30.13,29.95,30.11,678232.0
STK1,2024-11-13,29.83,29.99,29.83,29.99,779129.0
STK1,2024-11-12,29.8,29.885,29.7901,29.82,1604516.0
STK1,2024-11-11,29.69,29.74,29.68,29.69,1832835.0
STK1,2024-11-08,29.44,29.595,29.428,29.52,439944.0
STK1,2024-11-07,29.37,29.42,29.29,29.32,1276593.0
STK1,2024-11-06,29.61,29.6247,29.49,29.56,1287589.0
STK1,2024-11-05,29.13,29.1747,29.0629,29.09,1181641.0
STK1,2024-11-04,29.16,29.21,29.13,29.21,504856.0
STK1,2024-11-01,29.21,29.33,29.2,29.32,591060.0
STK1,2024-10-31,29.18,29.275,29.165,29.2,754366.0
STK1,2024-10-30,29.3,29.31,29.2,29.22,394993.0
STK1,2024-10-29,29.37,29.38,29.27,29.29,423883.0
STK1,2024-10-28,29.25,29.3,29.2499,29.28,208687.0
STK1,2024-10-25,29.2,29.29,29.195,29.28,211423.0
STK1,2024-10-24,29.23,29.26,29.18,29.18,294386.0
STK1,2024-10-23,29.28,29.34,29.28,29.29,1481672.0
STK1,2024-10-22,29.17,29.2,29.15,29.19,197570.0
STK1,2024-10-21,29.06,29.18,29.0598,29.16,304531.0
STK1,2024-10-18,29.03,29.05,29.01,29.03,352866.0
STK1,2024-10-17,29.1,29.11,29.065,29.11,720000.0
STK1,2024-10-16,28.95,29.04,28.94,29.02,191546.0
STK1,2024-10-15,28.87,28.96,28.87,28.94,373803.0
STK1,2024-10-14,28.92,28.96,28.88,28.92,1291921.0
STK1,2024-10-11,28.82,28.84,28.8,28.83,270167.0
STK1,2024-10-10,28.8,28.9,28.7999,28.81,349867.0
STK1,2024-10-09,28.77,28.82,28.7599,28.82,222301.0
STK1,2024-10-08,28.66,28.73,28.66,28.69,5172291.0
STK1,2024-10-07,28.68,28.7,28.645,28.69,283323.0
STK1,2024-10-04,28.7,28.73,28.661,28.67,456190.0
STK1,2024-10-03,28.5,28.565,28.48,28.51,1203662.0
STK1,2024-10-02,28.37,28.44,28.37,28.42,814990.0
STK1,2024-10-01,28.27,28.35,28.235,28.3,1300157.0
STK1,2024-09-30,28.07,28.21,28.07,28.18,1322286.0
STK1,2024-09-27,28.02,28.105,28.0,28.07,845275.0
STK1,2024-09-26,28.15,28.2,28.07,28.08,389373.0
STK1,2024-09-25,28.02,28.215,28.01,28.21,263300.0
STK1,2024-09-24,28.12,28.16,28.02,28.02,212972.0
STK1,2024-09-23,28.17,28.2099,28.1395,28.18,310911.0
STK1,2024-09-20,28.15,28.205,28.1,28.14,370014.0
STK1,2024-09-19,28.18,28.215,28.07,28.09,331089.0
STK1,2024-09-18,28.09,28.225,27.965,28.21,638835.0
STK1,2024-09-17,28.12,28.18,28.12,28.18,455994.0
STK1,2024-09-16,28.07,28.13,28.0601,28.09,1623776.0
STK1,2024-09-13,28.14,28.2,28.13,28.18,957334.0
STK1,2024-09-12,28.3,28.3225,28.21,28.22,330253.0
STK1,2024-09-11,28.34,28.3547,28.3138,28.34,332837.0
STK1,2024-09-10,28.32,28.35,28.3,28.31,371574.0
STK1,2024-09-09,28.26,28.3,28.2524,28.3,361657.0
STK1,2024-09-06,28.17,28.23,28.06,28.18,759092.0
STK1,2024-09-05,28.14,28.21,28.1,28.14,426539.0
STK1,2024-09-04,28.27,28.28,28.165,28.18,738115.0
STK1,2024-09-03,28.26,28.35,28.23,28.32,2698746.0
STK1,2024-08-30,28.25,28.3,28.21,28.27,2138636.0
STK1,2024-08-29,28.18,28.24,28.16,28.19,1798970.0
STK1,2024-08-28,28.09,28.12,28.04,28.09,588164.0
STK1,2024-08-27,28.01,28.02,27.93,27.93,1806506.0
STK1,2024-08-26,28.01,28.0399,27.9801,28.02,318322.0
STK1,2024-08-23,28.2,28.21,27.9407,27.96,968469.0
STK1,2024-08-22,28.12,28.23,28.12,28.2,3506430.0
STK1,2024-08-21,28.16,28.23,28.0107,28.07,568515.0
STK1,2024-08-20,28.21,28.23,28.14,28.16,487190.0
STK1,2024-08-19,28.37,28.37,28.26,28.26,4595732.0
STK1,2024-08-16,28.48,28.525,28.41,28.41,320239.0
STK1,2024-08-15,28.6,28.6,28.52,28.55,378412.0
STK1,2024-08-14,28.43,28.45,28.35,28.45,615946.0
STK1,2024-08-13,28.53,28.5303,28.42,28.42,229367.0
STK1,2024-08-12,28.61,28.625,28.57,28.57,181628.0
STK1,2024-08-09,28.58,28.585,28.545,28.57,350507.0
STK1,2024-08-08,28.63,28.671,28.5898,28.6,304940.0
STK1,2024-08-07,28.58,28.5919,28.5401,28.56,921977.0
STK1,2024-08-06,28.53,28.5301,28.48,28.5,787289.0
STK1,2024-08-05,28.32,28.475,28.305,28.41,2084281.0
STK1,2024-08-02,28.63,28.63,28.54,28.57,1180297.0
STK1,2024-08-01,28.83,28.89,28.79,28.86,1206473.0
STK1,2024-07-31,28.75,28.87,28.735,28.76,533436.0
STK1,2024-07-30,28.95,28.97,28.895,28.92,273794.0
STK1,2024-07-29,28.92,28.9598,28.8901,28.9,1107027.0
STK1,2024-07-26,28.81,28.84,28.8,28.82,230371.0
STK1,2024-07-25,28.84,28.855,28.785,28.84,271992.0
STK1,2024-07-24,28.78,28.84,28.755,28.84,313773.0
STK1,2024-07-23,28.85,28.8699,28.83,28.85,358960.0
STK1,2024-07-22,28.81,28.83,28.8,28.8,1065642.0
STK1,2024-07-19,28.78,28.82,28.78,28.82,378043.0
STK1,2024-07-18,28.67,28.755,28.66,28.74,1840595.0
STK1,2024-07-17,28.62,28.65,28.585,28.61,1065906.0
STK1,2024-07-16,28.8,28.8173,28.74,28.74,382608.0
STK1,2024-07-15,28.69,28.76,28.68,28.74,1727041.0
STK1,2024-07-12,28.72,28.745,28.6801,28.69,1111371.0
STK1,2024-07-11,28.75,28.805,28.715,28.79,1004773.0
STK1,2024-07-10,28.96,28.96,28.935,28.94,929617.0
STK1,2024-07-09,28.95,28.99,28.93,28.97,633241.0
STK1,2024-07-08,28.88,28.94,28.87,28.93,333862.0
STK1,2024-07-05,28.92,28.97,28.88,28.88,969287.0
STK1,2024-07-03,29.03,29.03,28.923,28.98,1535735.0
STK1,2024-07-02,29.14,29.16,29.085,29.1,544055.0
STK1,2024-07-01,29.08,29.175,29.04,29.14,771107.0
STK1,2024-06-28,29.15,29.18,29.1001,29.13,941171.0
STK1,2024-06-27,29.09,29.14,29.075,29.13,314458.0
STK1,2024-06-26,29.17,29.2,29.13,29.17,334713.0
STK1,2024-06-25,29.06,29.09,29.0201,29.03,872369.0
STK1,2024-06-24,29.0,29.035,28.975,29.0,1158705.0
STK1,2024-06-21,29.08,29.1169,29.07,29.1,935054.0
STK1,2024-06-20,28.97,29.03,28.96,29.03,346926.0
STK1,2024-06-18,28.95,28.95,28.88,28.91,179569.0
STK1,2024-06-17,28.98,29.0089,28.92,28.92,204940.0
STK1,2024-06-14,29.03,29.06,28.97,28.99,434485.0
STK1,2024-06-13,28.6,28.895,28.57,28.86,2156721.0
STK1,2024-06-12,28.63,28.75,28.61,28.75,835249.0
STK1,2024-06-11,28.92,28.93,28.855,28.88,396636.0
STK1,2024-06-10,28.89,28.9,28.83,28.84,752810.0
STK1,2024-06-07,28.72,28.78,28.72,28.77,369520.0
STK2,2025-06-06,238.33,239.46,237.68,238.34,4512166.0
STK2,2025-06-05,237.5,239.57,235.11,236.13,7943505.0
STK2,2025-06-04,236.75,237.535,235.63,236.8,5449600.0
STK2,2025-06-03,233.26,236.63,233.09,236.45,7156171.0
STK2,2025-06-02,230.3,233.09,230.02,232.95,6439383.0
STK2,2025-05-30,231.52,231.63,227.42,230.91,6747059.0
STK2,2025-05-29,234.74,234.98,230.44,231.63,7006575.0
STK2,2025-05-28,232.48,233.405,230.9,231.24,5394562.0
STK2,2025-05-27,230.34,232.52,229.57,232.2,7104154.0
STK2,2025-05-23,225.35,228.29,225.102,226.81,6001960.0
STK2,2025-05-22,229.39,231.4,228.83,229.34,5686022.0
STK2,2025-05-21,231.48,234.71,228.35,229.28,9321786.0
STK2,2025-05-20,233.09,233.71,231.9,233.67,5136823.0
STK2,2025-05-19,231.42,235.075,231.34,234.55,5931524.0
STK2,2025-05-16,235.21,235.21,232.86,234.89,4055830.0
STK2,2025-05-15,232.86,235.77,232.58,234.45,4768176.0
STK2,2025-05-14,233.71,235.045,232.76,234.13,5123951.0
STK2,2025-05-13,228.52,233.38,228.26,232.62,6378675.0
STK2,2025-05-12,226.83,227.78,224.542,227.7,6739103.0
STK2,2025-05-09,218.84,219.24,216.48,217.6,3665223.0
STK2,2025-05-08,217.95,219.935,216.01,217.87,4352172.0
STK2,2025-05-07,213.67,216.75,212.2,215.81,4085689.0
STK2,2025-05-06,212.26,215.24,211.61,213.67,3979076.0
STK2,2025-05-05,214.75,217.0,214.64,215.46,3378638.0
STK2,2025-05-02,215.485,217.62,214.91,216.61,4062707.0
STK2,2025-05-01,214.56,216.55,212.86,213.05,5766384.0
STK2,2025-04-30,204.99,210.75,203.8,209.97,5101865.0
STK2,2025-04-29,207.13,209.97,207.13,209.1,4572223.0
STK2,2025-04-28,208.2,209.225,205.02,208.13,2787206.0
STK2,2025-04-25,204.81,208.855,204.61,208.47,3259230.0
STK2,2025-04-24,199.99,205.71,199.6701,205.43,4658477.0
STK2,2025-04-23,199.84,201.95,197.23,198.04,6706855.0
STK2,2025-04-22,190.38,193.57,189.27,192.46,4656434.0
STK2,2025-04-21,189.81,190.29,185.185,187.88,4486681.0
STK2,2025-04-17,195.3,195.3,192.04,192.86,3740378.0
STK2,2025-04-16,195.5,197.58,190.54,193.91,6611242.0
STK2,2025-04-15,200.47,202.41,199.95,200.89,3600030.0
STK2,2025-04-14,204.5,204.63,198.0,200.16,5952249.0
STK2,2025-04-11,193.4,199.2,191.95,198.35,7211599.0
STK2,2025-04-10,196.85,198.2,187.73,194.37,9873778.0
STK2,2025-04-09,180.1,204.98,179.87,203.86,18494444.0
STK2,2025-04-08,190.29,192.84,176.44,179.73,12905713.0
STK2,2025-04-07,174.93,191.81,172.45,183.46,22278932.0
STK2,2025-04-04,189.14,190.64,182.3,182.37,16902288.0
STK2,2025-04-03,199.49,200.7,195.07,195.23,9725692.0
STK2,2025-04-02,205.02,211.26,204.86,209.53,4645979.0
STK2,2025-04-01,205.66,208.17,203.98,207.99,4740057.0
STK2,2025-03-31,202.78,206.95,200.73,206.48,7109541.0
STK2,2025-03-28,210.41,211.26,205.68,206.38,5333790.0
STK2,2025-03-27,212.02,213.22,210.39,211.51,3288875.0
STK2,2025-03-26,217.68,218.2,212.64,213.48,3944331.0
STK2,2025-03-25,217.49,218.64,217.38,218.35,3740852.0
STK2,2025-03-24,217.14,218.145,216.57,217.63,4100067.0
STK2,2025-03-21,210.715,214.25,209.94,213.96,5212846.0
STK2,2025-03-20,212.47,215.73,212.15,213.38,3572637.0
STK2,2025-03-19,213.24,217.43,212.35,214.91,4419325.0
STK2,2025-03-18,213.9,214.12,211.37,212.15,5743690.0
STK2,2025-03-17,213.77,216.96,213.15,215.43,5074390.0
STK2,2025-03-14,210.38,214.16,210.31,213.94,5020766.0
STK2,2025-03-13,211.07,211.54,206.8475,207.66,6191533.0
STK2,2025-03-12,212.12,213.52,209.15,211.68,5490848.0
STK2,2025-03-11,208.61,211.91,206.29,208.4,7416354.0
STK2,2025-03-10,214.22,214.62,207.08,209.25,10708500.0
STK2,2025-03-07,215.17,219.09,212.63,218.54,5631995.0
STK2,2025-03-06,217.02,220.45,214.375,215.42,8215989.0
STK2,2025-03-05,219.18,222.29,216.24,221.57,5965543.0
STK2,2025-03-04,217.05,222.36,214.26,218.5,8860491.0
STK2,2025-03-03,226.69,227.15,217.05,218.67,6258091.0
STK2,2025-02-28,221.59,225.76,219.7,225.53,7086079.0
STK2,2025-02-27,232.26,232.5,222.49,222.59,5050005.0
STK2,2025-02-26,230.75,233.18,229.23,231.0,3815335.0
STK2,2025-02-25,231.02,231.23,226.95,228.51,5217146.0
STK2,2025-02-24,235.78,236.44,231.22,231.51,3723778.0
STK2,2025-02-21,241.48,241.58,234.75,234.87,4528792.0
STK2,2025-02-20,241.95,242.27,238.86,241.41,2993874.0
STK2,2025-02-19,241.89,243.14,240.2,242.18,2802146.0
STK2,2025-02-18,241.21,242.19,240.09,242.16,3011983.0
STK2,2025-02-14,238.96,240.165,238.52,239.97,2278612.0
STK2,2025-02-13,236.24,239.31,235.91,239.16,3914785.0
STK2,2025-02-12,233.0,236.0985,232.74,235.82,4277830.0
STK2,2025-02-11,234.91,237.28,234.75,236.33,3228283.0
STK2,2025-02-10,234.66,236.81,234.59,236.22,3027083.0
STK2,2025-02-07,235.78,236.91,232.04,232.82,4276633.0
STK2,2025-02-06,234.19,235.31,233.15,234.83,3404037.0
STK2,2025-02-05,231.19,234.24,230.46,234.19,2699042.0
STK2,2025-02-04,228.48,231.34,228.4,230.98,4185642.0
STK2,2025-02-03,225.7,229.0899,224.495,227.7,6876435.0
STK2,2025-01-31,234.33,235.73,230.19,230.81,5372314.0
STK2,2025-01-30,231.33,232.97,229.74,232.17,4420135.0
STK2,2025-01-29,233.18,233.29,229.49,231.74,4525003.0
STK2,2025-01-28,229.11,234.16,226.69,233.64,5630339.0
STK2,2025-01-27,228.58,230.975,225.47,227.57,10352755.0
STK2,2025-01-24,242.58,242.58,238.525,239.3,3303802.0
STK2,2025-01-23,239.53,241.87,239.3,241.82,3802235.0
STK2,2025-01-22,239.25,241.95,238.91,241.39,5121877.0
STK2,2025-01-21,234.89,236.64,233.2601,236.06,3372076.0
STK2,2025-01-17,234.66,234.94,233.08,234.11,3371692.0
STK2,2025-01-16,234.18,234.33,230.45,230.5,2684261.0
STK2,2025-01-15,230.87,232.97,230.11,232.29,5232653.0
STK2,2025-01-14,228.92,229.545,225.95,227.76,3610218.0
STK2,2025-01-13,225.1,227.32,224.45,227.16,5327974.0
STK2,2025-01-10,231.42,231.46,227.43,228.78,5832896.0
STK2,2025-01-08,234.5,234.54,231.63,233.88,5011895.0
STK2,2025-01-07,240.0,240.0,233.14,233.96,5003649.0
STK2,2025-01-06,238.44,241.062,237.81,238.75,4487661.0
STK2,2025-01-03,233.39,235.9999,232.93,235.75,4560565.0
STK2,2025-01-02,234.36,235.02,229.7801,231.97,6385156.0
STK2,2024-12-31,235.11,235.27,231.76,232.52,4690615.0
STK2,2024-12-30,234.03,236.34,232.58,234.47,3975160.0
STK2,2024-12-27,239.07,239.38,235.154,237.49,4363256.0
STK2,2024-12-26,239.76,241.57,238.99,240.69,3575488.0
STK2,2024-12-24,238.92,240.54,238.56,240.53,2326657.0
STK2,2024-12-23,236.25,238.17,234.99,238.07,3986660.0
STK2,2024-12-20,230.91,237.86,230.19,235.96,7462446.0
STK2,2024-12-19,234.6,235.36,232.19,232.49,6692897.0
STK2,2024-12-18,240.79,241.45,231.7,232.24,8463578.0
STK2,2024-12-17,239.73,240.92,238.81,239.98,4072452.0
STK2,2024-12-16,239.36,241.65,238.85,241.44,4721635.0
STK2,2024-12-13,240.18,241.12,237.15,239.05,4338455.0
STK2,2024-12-12,237.84,238.905,237.26,238.03,3609195.0
STK2,2024-12-11,237.82,240.1299,237.0,239.37,4344770.0
STK2,2024-12-10,238.46,239.11,235.2,235.95,5617497.0
STK2,2024-12-09,239.94,240.7979,238.66,239.27,4016243.0
STK2,2024-12-06,240.33,241.88,240.07,240.84,3327417.0
STK2,2024-12-05,240.75,241.03,239.5794,239.91,2818968.0
STK2,2024-12-04,239.76,241.25,239.06,241.13,5420289.0
STK2,2024-12-03,234.95,236.86,234.49,236.8,2787954.0
STK2,2024-12-02,233.9,236.83,233.84,235.95,4699113.0
STK2,2024-11-29,232.12,234.22,231.89,233.73,2084070.0
STK2,2024-11-27,233.17,233.31,229.53,231.58,3184662.0
STK2,2024-11-26,234.65,235.49,233.76,234.76,3114958.0
STK2,2024-11-25,235.36,235.77,232.53,233.59,5568644.0
STK2,2024-11-22,233.06,234.1399,232.22,233.6,3545419.0
STK2,2024-11-21,233.37,234.57,229.8003,233.48,5295868.0
STK2,2024-11-20,231.53,231.61,228.05,231.13,4437399.0
STK2,2024-11-19,228.01,231.52,228.01,231.33,3453400.0
STK2,2024-11-18,228.71,230.42,227.72,229.45,3086060.0
STK2,2024-11-15,231.63,231.93,227.95,228.71,5614916.0
STK2,2024-11-14,235.71,236.12,234.15,234.53,3300992.0
STK2,2024-11-13,235.65,237.07,234.6,235.33,3164919.0
STK2,2024-11-12,235.69,236.45,234.29,236.15,3765392.0
STK2,2024-11-11,237.13,237.28,234.44,235.85,3633605.0
STK2,2024-11-08,237.12,237.94,236.3,237.16,3618188.0
STK2,2024-11-07,234.97,237.69,234.86,237.42,5231461.0
STK2,2024-11-06,231.27,233.78,230.58,233.35,5483910.0
STK2,2024-11-05,224.43,227.07,224.43,226.89,3636483.0
STK2,2024-11-04,224.12,225.3499,222.79,223.74,3155985.0
STK2,2024-11-01,222.48,225.58,222.18,223.91,5782895.0
STK2,2024-10-31,227.09,227.09,222.16,222.24,6055103.0
STK2,2024-10-30,231.19,231.81,229.46,229.61,4170567.0
STK2,2024-10-29,230.66,233.99,229.8,233.32,3725832.0
STK2,2024-10-28,231.94,231.94,230.17,230.22,2949570.0
STK2,2024-10-25,230.4,232.875,229.96,230.29,4157391.0
STK2,2024-10-24,229.36,229.6672,227.74,229.1,2416361.0
STK2,2024-10-23,230.89,231.24,226.4817,228.43,3041820.0
STK2,2024-10-22,230.76,232.54,230.1,231.75,3084585.0
STK2,2024-10-21,230.19,232.02,229.77,231.99,3161192.0
STK2,2024-10-18,231.29,231.76,230.42,230.91,2268528.0
STK2,2024-10-17,232.59,232.72,230.09,230.09,3025591.0
STK2,2024-10-16,229.4,229.74,226.9238,229.39,2879422.0
STK2,2024-10-15,234.0,234.565,227.83,228.68,7089654.0
STK2,2024-10-14,232.28,234.3,232.171,233.82,4905062.0
STK2,2024-10-11,229.86,231.33,229.52,230.81,4424457.0
STK2,2024-10-10,228.93,231.005,228.29,230.41,2846118.0
STK2,2024-10-09,228.1,230.79,227.39,230.47,3789891.0
STK2,2024-10-08,225.35,228.3,224.835,227.92,3932395.0
STK2,2024-10-07,224.28,225.77,223.18,223.74,2215206.0
STK2,2024-10-04,225.69,225.85,222.92,225.29,2507672.0
STK2,2024-10-03,221.24,224.44,221.21,222.81,2892440.0
STK2,2024-10-02,220.31,222.895,219.06,221.89,2266152.0
STK2,2024-10-01,225.09,225.22,218.95,220.26,5647652.0
STK2,2024-09-30,224.12,225.9,223.0,225.76,2750944.0
STK2,2024-09-27,227.54,227.61,224.26,225.1,3046880.0
STK2,2024-09-26,228.63,228.8788,224.83,227.22,4622373.0
STK2,2024-09-25,223.17,225.23,223.07,224.25,3055768.0
STK2,2024-09-24,223.02,224.06,220.62,223.61,3512903.0
STK2,2024-09-23,222.33,222.62,221.41,222.09,3745263.0
STK2,2024-09-20,222.74,223.53,220.54,222.53,7246354.0
STK2,2024-09-19,223.27,225.005,222.05,223.62,6967039.0
STK2,2024-09-18,219.72,221.26,216.96,217.17,6370843.0
STK2,2024-09-17,221.8,222.14,218.06,219.17,3494960.0
STK2,2024-09-16,218.85,220.3,217.57,219.6,3448891.0
STK2,2024-09-13,219.61,220.99,218.72,220.44,4023662.0
STK2,2024-09-12,217.38,220.27,215.85,219.34,5303055.0
STK2,2024-09-11,211.08,217.87,207.74,217.54,6384366.0
STK2,2024-09-10,208.69,210.81,206.7,210.36,5061453.0
STK2,2024-09-09,206.45,207.49,204.54,207.26,5460988.0
STK2,2024-09-06,209.18,209.68,202.98,203.92,6220540.0
STK2,2024-09-05,208.16,211.95,207.97,209.35,4437616.0
STK2,2024-09-04,208.08,212.06,207.42,209.67,6128575.0
STK2,2024-09-03,218.0,218.16,209.01,210.21,7382879.0
STK2,2024-08-30,219.81,221.18,217.44,220.33,5024223.0
STK2,2024-08-29,219.48,222.57,216.88,217.44,6641827.0
STK2,2024-08-28,222.2,222.63,217.58,219.42,4501130.0
STK2,2024-08-27,219.78,222.96,218.7,222.49,3828001.0
STK2,2024-08-26,223.76,224.6025,220.02,221.15,3134436.0
STK2,2024-08-23,222.58,224.935,221.1,223.96,5340482.0
STK2,2024-08-22,226.84,227.37,219.93,220.39,4541819.0
STK2,2024-08-21,224.4,226.36,223.69,225.58,3769364.0
STK2,2024-08-20,224.46,225.81,222.94,224.26,3610789.0
STK2,2024-08-19,220.88,225.06,219.98,225.05,6502106.0
STK2,2024-08-16,219.86,221.825,219.26,221.4,3353151.0
STK2,2024-08-15,217.63,221.25,217.16,221.03,4740085.0
STK2,2024-08-14,215.0,215.94,211.96,214.85,4461232.0
STK2,2024-08-13,209.88,213.745,209.62,213.68,4999769.0
STK2,2024-08-12,206.27,208.91,205.31,207.31,4290100.0
STK2,2024-08-09,204.59,206.81,203.35,205.63,4767753.0
STK2,2024-08-08,200.91,205.22,198.0,204.71,7221370.0
STK2,2024-08-07,205.45,206.45,197.07,197.34,8826750.0
STK2,2024-08-06,200.43,204.645,198.3,200.59,12287855.0
STK2,2024-08-05,191.905,201.72,190.745,197.9,15714953.0
STK2,2024-08-02,205.04,206.73,201.25,204.72,9310849.0
STK2,2024-08-01,218.2,220.73,208.4,210.64,8495715.0
STK2,2024-07-31,216.39,219.5899,214.87,218.8,7307043.0
STK2,2024-07-30,216.12,216.33,208.3,209.91,5347259.0
STK2,2024-07-29,218.0,218.94,214.69,215.32,3671907.0
STK2,2024-07-26,216.45,218.0,214.45,216.28,5848931.0
STK2,2024-07-25,215.65,218.865,210.46,213.57,10578963.0
STK2,2024-07-24,222.26,222.959,215.36,215.88,7150360.0
STK2,2024-07-23,225.16,227.23,224.9,225.2,2765373.0
STK2,2024-07-22,223.79,226.36,222.84,226.1,5300750.0
STK2,2024-07-19,223.19,224.56,220.38,220.87,4236413.0
STK2,2024-07-18,226.82,226.86,221.55,224.38,5418587.0
STK2,2024-07-17,228.1,228.33,224.25,224.36,6220241.0
STK2,2024-07-16,234.77,234.8878,231.77,233.44,3826107.0
STK2,2024-07-15,234.99,236.53,232.89,234.22,4313995.0
STK2,2024-07-12,232.37,236.28,231.56,233.8,4883776.0
STK2,2024-07-11,238.04,238.14,231.055,231.73,7055193.0
STK2,2024-07-10,235.89,237.845,234.57,237.68,4374692.0
STK2,2024-07-09,235.665,236.23,232.94,234.28,4342332.0
STK2,2024-07-08,233.63,235.15,233.23,234.47,3835519.0
STK2,2024-07-05,232.43,233.91,231.47,232.88,3335919.0
STK2,2024-07-03,228.75,232.28,228.56,232.17,3124564.0
STK2,2024-07-02,225.96,229.1,225.96,229.08,3538260.0
STK2,2024-07-01,226.57,228.32,223.28,227.94,4640834.0
STK2,2024-06-28,227.14,230.39,225.92,226.23,6244102.0
STK2,2024-06-27,225.8,227.47,225.53,226.35,3961767.0
STK2,2024-06-26,226.16,227.31,224.48,226.24,4729798.0
STK2,2024-06-25,224.05,226.62,222.79,226.5,4564541.0
STK2,2024-06-24,225.64,226.66,222.36,222.42,6874280.0
STK2,2024-06-21,228.86,229.755,227.37,228.41,6780393.0
STK2,2024-06-20,232.45,232.59,228.04,228.81,6621463.0
STK2,2024-06-18,231.35,232.17,230.49,231.41,4338861.0
STK2,2024-06-17,228.23,231.925,227.45,231.12,5801349.0
STK2,2024-06-14,226.5,227.8,226.35,227.67,3932277.0
STK2,2024-06-13,227.13,227.76,225.44,226.82,6346797.0
STK2,2024-06-12,222.355,227.31,221.95,225.04,8910628.0
STK2,2024-06-11,215.6,220.23,215.5,220.17,6359602.0
STK2,2024-06-10,214.87,216.73,214.73,216.15,3367696.0
STK2,2024-06-07,215.33,216.52,214.54,215.6,3199312.0
STK3,2025-06-06,81.26,81.325,80.495,81.17,10612676.0
STK3,2025-06-05,81.19,81.19,80.665,80.83,10587534.0
STK3,2025-06-04,82.26,82.26,80.96,80.96,16501174.0
STK3,2025-06-03,83.17,83.17,81.74,82.4,14273989.0
STK3,2025-06-02,81.57,82.29,81.24,82.18,13399772.0
STK3,2025-05-30,80.93,82.06,80.78,81.92,10340249.0
STK3,2025-05-29,80.57,81.22,80.21,81.09,10434209.0
STK3,2025-05-28,81.62,81.66,80.18,80.53,10477298.0
STK3,2025-05-27,81.69,81.88,81.045,81.67,9247351.0
STK3,2025-05-23,80.64,81.13,79.7,81.06,10865401.0
STK3,2025-05-22,80.57,80.57,79.165,80.1,15318835.0
STK3,2025-05-21,82.5,82.655,81.1,81.26,11352423.0
STK3,2025-05-20,82.4,83.05,82.4,82.77,9037689.0
STK3,2025-05-19,81.49,82.565,81.47,82.53,8153227.0
STK3,2025-05-16,81.11,82.21,80.91,82.18,10038516.0
STK3,2025-05-15,79.62,81.205,79.57,80.99,13315011.0
STK3,2025-05-14,79.48,79.505,78.11,79.3,11456411.0
STK3,2025-05-13,79.64,80.27,79.21,79.65,12031821.0
STK3,2025-05-12,80.615,80.82,79.4,79.76,13730121.0
STK3,2025-05-09,80.31,80.33,79.72,80.24,8710180.0
STK3,2025-05-08,80.79,80.99,79.985,80.1,11219314.0
STK3,2025-05-07,80.38,81.22,80.1,80.75,9788349.0
STK3,2025-05-06,79.56,81.08,79.49,80.52,10317468.0
STK3,2025-05-05,79.49,79.79,78.77,79.55,7447992.0
STK3,2025-05-02,79.42,79.985,78.985,79.75,8037104.0
STK3,2025-05-01,79.39,80.125,78.87,79.13,8983537.0
STK3,2025-04-30,78.99,79.17,77.535,78.9,9038576.0
STK3,2025-04-29,78.58,79.43,78.25,79.3,6584036.0
STK3,2025-04-28,78.25,78.845,77.71,78.69,5542415.0
STK3,2025-04-25,78.52,78.57,77.86,78.21,7037677.0
STK3,2025-04-24,78.27,78.81,77.71,78.45,8414041.0
STK3,2025-04-23,78.77,79.21,77.62,78.33,13951919.0
STK3,2025-04-22,76.74,78.17,76.6777,78.0,10850394.0
STK3,2025-04-21,77.42,77.51,75.03,75.93,10390015.0
STK3,2025-04-17,77.28,78.745,77.28,77.77,9464374.0
STK3,2025-04-16,77.87,78.165,76.725,76.98,8750379.0
STK3,2025-04-15,77.86,78.37,77.585,77.68,7628580.0
STK3,2025-04-14,76.92,77.945,76.47,77.69,9707782.0
STK3,2025-04-11,75.36,76.585,74.43,76.32,14420013.0
STK3,2025-04-10,75.4,76.28,73.835,75.4,22083878.0
STK3,2025-04-09,72.46,76.165,71.02,75.97,35027447.0
STK3,2025-04-08,74.7,75.23,72.24,73.09,19800249.0
STK3,2025-04-07,73.39,75.64,71.775,73.39,36581472.0
STK3,2025-04-04,79.29,79.29,74.04,74.53,33082711.0
STK3,2025-04-03,79.32,80.21,78.82,78.92,19325082.0
STK3,2025-04-02,78.99,79.6,78.59,79.42,6475586.0
STK3,2025-04-01,78.8,79.28,78.285,79.05,9042354.0
STK3,2025-03-31,78.1,79.165,78.08,78.85,10734966.0
STK3,2025-03-28,77.88,78.465,77.74,77.98,9539289.0
STK3,2025-03-27,77.36,78.05,77.1775,77.41,6985925.0
STK3,2025-03-26,76.93,77.61,76.93,77.43,7582321.0
STK3,2025-03-25,78.09,78.11,76.555,76.92,11197980.0
STK3,2025-03-24,78.5,79.12,78.1,78.17,6998419.0
STK3,2025-03-21,78.95,79.33,78.26,78.75,7813884.0
STK3,2025-03-20,78.95,79.38,78.78,79.26,8207572.0
STK3,2025-03-19,78.69,79.05,78.41,78.94,8081767.0
STK3,2025-03-18,78.73,78.87,78.14,78.65,9642761.0
STK3,2025-03-17,78.85,79.655,78.46,79.2,9645216.0
STK3,2025-03-14,77.59,78.96,77.31,78.87,9134951.0
STK3,2025-03-13,77.43,77.68,76.87,77.36,8400896.0
STK3,2025-03-12,77.4,77.85,76.7,77.17,8716191.0
STK3,2025-03-11,78.1,78.4,77.0,77.41,16320185.0
STK3,2025-03-10,77.02,78.37,77.02,78.14,18641156.0
STK3,2025-03-07,76.05,77.63,75.83,77.29,11617219.0
STK3,2025-03-06,76.89,76.96,75.66,75.88,12702945.0
STK3,2025-03-05,77.52,78.04,76.855,77.49,10333353.0
STK3,2025-03-04,79.33,79.75,77.92,78.04,11280922.0
STK3,2025-03-03,79.14,79.58,78.8,79.33,9638155.0
STK3,2025-02-28,78.54,79.25,78.12,79.22,10884991.0
STK3,2025-02-27,79.58,79.7587,77.95,78.03,12537642.0
STK3,2025-02-26,79.62,80.5,79.36,79.8,7710965.0
STK3,2025-02-25,79.4,79.63,78.32,79.47,10918954.0
STK3,2025-02-24,80.5,80.51,79.51,79.87,7486963.0
STK3,2025-02-21,80.26,80.53,79.88,80.27,7773743.0
STK3,2025-02-20,80.0,80.44,79.29,80.25,8695668.0
STK3,2025-02-19,79.75,80.495,79.67,80.26,6256979.0
STK3,2025-02-18,79.43,79.97,79.16,79.84,7754933.0
STK3,2025-02-14,79.39,80.03,79.045,79.1,6986147.0
STK3,2025-02-13,79.4,79.585,78.945,79.43,8510352.0
STK3,2025-02-12,78.37,79.44,78.02,79.25,7444465.0
STK3,2025-02-11,78.68,79.425,78.02,79.39,5418113.0
STK3,2025-02-10,78.36,79.02,77.925,78.99,5332216.0
STK3,2025-02-07,78.28,78.835,78.045,78.14,7165378.0
STK3,2025-02-06,78.73,78.73,77.74,78.3,6410448.0
STK3,2025-02-05,78.38,78.92,77.7407,78.39,7996492.0
STK3,2025-02-04,77.85,77.9752,76.83,77.61,10249173.0
STK3,2025-02-03,76.85,78.59,76.73,78.3,14059484.0
STK3,2025-01-31,78.41,78.48,77.7,77.88,9835376.0
STK3,2025-01-30,77.63,78.46,77.56,78.34,9356339.0
STK3,2025-01-29,76.56,77.62,76.48,76.74,9565457.0
STK3,2025-01-28,77.61,77.61,75.9,76.58,14270475.0
STK3,2025-01-27,77.89,78.085,75.825,77.65,21224078.0
STK3,2025-01-24,78.57,79.72,78.4,79.49,8385099.0
STK3,2025-01-23,78.61,79.255,78.475,78.69,10792597.0
STK3,2025-01-22,80.27,80.27,78.275,78.32,11822425.0
STK3,2025-01-21,79.73,80.445,79.525,80.05,10816681.0
STK3,2025-01-17,78.68,79.2,78.43,78.84,7334541.0
STK3,2025-01-16,76.75,78.755,76.72,78.73,15207533.0
STK3,2025-01-15,77.0,77.55,76.705,76.79,10680304.0
STK3,2025-01-14,74.99,75.91,74.7995,75.68,9837592.0
STK3,2025-01-13,75.5,75.58,73.91,74.7,12445821.0
STK3,2025-01-10,76.25,76.84,75.22,75.58,15608475.0
STK3,2025-01-08,75.9,76.09,74.76,76.01,13422947.0
STK3,2025-01-07,76.48,76.81,75.835,76.03,11428233.0
STK3,2025-01-06,77.08,77.14,75.965,76.22,12811893.0
STK3,2025-01-03,76.71,77.4863,76.38,77.08,8883928.0
STK3,2025-01-02,76.24,76.66,75.72,76.27,12052443.0
STK3,2024-12-31,75.91,76.14,75.33,75.69,6302743.0
STK3,2024-12-30,75.74,75.95,75.065,75.76,8435097.0
STK3,2024-12-27,75.9,76.3,75.59,76.08,6902655.0
STK3,2024-12-26,76.16,76.51,75.99,76.3,5057066.0
STK3,2024-12-24,76.06,76.4999,75.83,76.48,4505133.0
STK3,2024-12-23,75.61,76.12,74.87,76.06,10057203.0
STK3,2024-12-20,74.8,76.6,74.7004,76.43,12594342.0
STK3,2024-12-19,74.96,76.075,74.94,75.23,13539746.0
STK3,2024-12-18,76.65,76.76,74.84,74.89,14905884.0
STK3,2024-12-17,76.54,77.02,76.39,76.7,7938583.0
STK3,2024-12-16,77.71,77.91,76.99,77.02,8060464.0
STK3,2024-12-13,77.7,78.045,77.51,77.64,6904341.0
STK3,2024-12-12,78.0,78.245,77.52,77.59,7712456.0
STK3,2024-12-11,78.33,78.385,77.49,77.63,7379763.0
STK3,2024-12-10,78.56,78.56,77.49,78.12,10159489.0
STK3,2024-12-09,79.69,79.8,78.64,78.69,10526887.0
STK3,2024-12-06,80.73,80.92,79.54,79.69,7114327.0
STK3,2024-12-05,80.53,81.14,80.32,80.69,7113044.0
STK3,2024-12-04,80.7,80.9,80.13,80.44,12084964.0
STK3,2024-12-03,81.64,81.9,80.43,80.45,9426843.0
STK3,2024-12-02,82.92,82.95,81.12,81.15,11042126.0
STK3,2024-11-29,83.17,83.23,82.75,82.93,4617278.0
STK3,2024-11-27,83.15,83.41,82.815,82.9,8578251.0
STK3,2024-11-26,81.83,82.9498,81.62,82.9,8687393.0
STK3,2024-11-25,82.1,82.25,80.995,81.6,7126923.0
STK3,2024-11-22,82.15,82.27,81.42,81.45,7880658.0
STK3,2024-11-21,80.61,81.99,80.225,81.89,10882034.0
STK3,2024-11-20,80.6,80.87,80.09,80.49,6098430.0
STK3,2024-11-19,79.64,80.46,79.26,80.45,5875205.0
STK3,2024-11-18,79.18,80.155,79.0814,79.94,7331218.0
STK3,2024-11-15,78.14,79.345,77.99,79.25,11965798.0
STK3,2024-11-14,78.45,78.85,77.96,78.08,8853743.0
STK3,2024-11-13,79.0,79.03,78.02,78.35,8205898.0
STK3,2024-11-12,79.16,79.34,78.115,78.49,9351622.0
STK3,2024-11-11,79.19,79.8664,79.01,79.4,13005463.0
STK3,2024-11-08,78.08,79.345,78.02,79.18,14428585.0
STK3,2024-11-07,77.94,78.465,77.28,77.69,18851568.0
STK3,2024-11-06,77.35,77.89,76.82,77.55,16479393.0
STK3,2024-11-05,77.16,78.36,76.93,78.36,9508071.0
STK3,2024-11-04,77.35,77.76,76.78,77.2,13978073.0
STK3,2024-11-01,79.9,80.14,78.06,78.13,15430544.0
STK3,2024-10-31,79.29,80.5,79.23,79.91,13757954.0
STK3,2024-10-30,79.59,79.74,78.95,79.09,10455300.0
STK3,2024-10-29,80.11,80.12,79.26,79.28,13866515.0
STK3,2024-10-28,80.81,81.42,80.62,81.01,7311432.0
STK3,2024-10-25,82.0,82.07,80.32,80.38,8759470.0
STK3,2024-10-24,82.13,82.3,81.315,81.59,6546133.0
STK3,2024-10-23,81.4,82.15,81.25,82.12,9822523.0
STK3,2024-10-22,81.08,81.51,80.695,81.34,8559632.0
STK3,2024-10-21,82.14,82.3799,81.3051,81.63,7405753.0
STK3,2024-10-18,81.41,81.99,81.05,81.95,7017589.0
STK3,2024-10-17,82.48,82.5,81.42,81.48,11763584.0
STK3,2024-10-16,81.01,82.37,80.645,82.21,9549792.0
STK3,2024-10-15,80.6,81.2,80.515,80.61,13213843.0
STK3,2024-10-14,79.37,80.32,79.22,80.25,9020881.0
STK3,2024-10-11,78.3,79.25,78.05,79.25,9666336.0
STK3,2024-10-10,78.88,79.5,78.52,78.56,13163308.0
STK3,2024-10-09,79.26,79.5,78.35,78.8,17143998.0
STK3,2024-10-08,79.79,80.035,79.47,79.48,13011055.0
STK3,2024-10-07,81.04,81.09,79.2285,79.44,17641983.0
STK3,2024-10-04,80.74,81.4,80.48,81.31,12542578.0
STK3,2024-10-03,81.92,82.055,81.24,81.44,12102836.0
STK3,2024-10-02,80.91,81.62,80.77,81.47,8245766.0
STK3,2024-10-01,80.69,81.545,80.2,81.43,12181193.0
STK3,2024-09-30,80.58,80.83,79.86,80.78,9508674.0
STK3,2024-09-27,79.96,80.635,79.88,80.42,7401955.0
STK3,2024-09-26,80.03,80.38,79.41,79.63,9897261.0
STK3,2024-09-25,80.2,80.42,79.48,80.18,8179586.0
STK3,2024-09-24,79.88,80.77,79.59,79.76,14052553.0
STK3,2024-09-23,80.03,80.4,79.74,80.33,11670259.0
STK3,2024-09-20,79.0,80.25,78.89,80.08,22139638.0
STK3,2024-09-19,78.2,78.38,77.38,78.02,20768237.0
STK3,2024-09-18,78.94,79.16,78.1427,78.48,23517387.0
STK3,2024-09-17,79.18,79.375,78.82,79.08,13981481.0
STK3,2024-09-16,78.79,79.36,78.58,79.14,9955253.0
STK3,2024-09-13,77.71,78.5591,77.41,78.54,8119434.0
STK3,2024-09-12,77.45,77.585,76.97,77.45,9667869.0
STK3,2024-09-11,77.05,77.355,76.15,77.28,10383496.0
STK3,2024-09-10,76.82,77.365,76.56,77.04,11627726.0
STK3,2024-09-09,76.24,76.69,75.8,76.68,7183093.0
STK3,2024-09-06,76.81,76.97,75.9,75.91,9803072.0
STK3,2024-09-05,77.41,77.51,76.41,76.64,7772695.0
STK3,2024-09-04,76.55,77.405,76.45,76.83,13593204.0
STK3,2024-09-03,76.31,76.73,75.94,76.18,11813492.0
STK3,2024-08-30,75.86,76.4,75.58,76.29,8503877.0
STK3,2024-08-29,75.56,75.79,74.82,75.72,6379149.0
STK3,2024-08-28,75.54,75.955,75.25,75.31,5241370.0
STK3,2024-08-27,75.75,76.02,75.275,75.31,8333396.0
STK3,2024-08-26,75.68,76.2169,75.665,75.91,6668153.0
STK3,2024-08-23,75.47,75.78,75.2,75.42,7525204.0
STK3,2024-08-22,75.38,75.54,74.905,75.21,7323967.0
STK3,2024-08-21,74.88,75.53,74.78,75.3,6725932.0
STK3,2024-08-20,74.93,75.18,74.69,74.77,7994998.0
STK3,2024-08-19,74.51,74.98,74.45,74.93,5752690.0
STK3,2024-08-16,74.19,74.695,73.87,74.44,6761385.0
STK3,2024-08-15,73.69,74.3259,73.445,74.11,9403828.0
STK3,2024-08-14,74.0,74.56,73.57,74.12,8082974.0
STK3,2024-08-13,74.05,74.24,73.725,74.17,8537480.0
STK3,2024-08-12,73.63,73.7701,73.19,73.74,7513563.0
STK3,2024-08-09,73.54,73.71,72.345,73.61,8354267.0
STK3,2024-08-08,73.0,73.805,72.79,73.36,11680159.0
STK3,2024-08-07,73.47,74.135,73.0,73.28,12379399.0
STK3,2024-08-06,72.54,73.71,72.49,72.87,14643231.0
STK3,2024-08-05,74.61,74.61,72.18,72.26,20549937.0
STK3,2024-08-02,75.04,75.56,73.205,74.22,24128595.0
STK3,2024-08-01,72.93,74.2,72.84,74.1,16283731.0
STK3,2024-07-31,72.87,72.95,72.09,72.79,10882674.0
STK3,2024-07-30,71.41,71.92,71.26,71.86,8348198.0
STK3,2024-07-29,71.44,71.72,70.86,71.49,7575600.0
STK3,2024-07-26,71.04,71.31,70.775,71.17,8353301.0
STK3,2024-07-25,71.4,71.78,70.18,70.48,13332979.0
STK3,2024-07-24,70.78,71.349,70.35,71.07,12642356.0
STK3,2024-07-23,70.58,70.711,70.23,70.28,6343339.0
STK3,2024-07-22,70.5,70.88,70.26,70.72,6482719.0
STK3,2024-07-19,70.18,70.345,69.71,70.13,6492727.0
STK3,2024-07-18,70.02,70.73,69.93,70.05,6771295.0
STK3,2024-07-17,70.0,71.0,69.82,70.11,13758025.0
STK3,2024-07-16,69.95,70.19,69.74,70.07,7504578.0
STK3,2024-07-15,70.46,70.68,69.415,69.53,14913845.0
STK3,2024-07-12,70.99,71.725,70.68,71.26,8262080.0
STK3,2024-07-11,69.82,70.93,69.79,70.74,14884058.0
STK3,2024-07-10,69.08,69.49,68.56,69.47,6899961.0
STK3,2024-07-09,68.62,69.4,68.55,68.82,10800704.0
STK3,2024-07-08,68.61,68.84,68.355,68.62,6817283.0
STK3,2024-07-05,68.54,68.84,68.23,68.55,6915267.0
STK3,2024-07-03,68.12,68.91,67.99,68.43,6620647.0
STK3,2024-07-02,67.83,68.145,67.72,68.02,8362068.0
STK3,2024-07-01,68.85,68.97,67.595,67.67,8378908.0
STK3,2024-06-28,68.91,69.0,67.82,68.14,11531676.0
STK3,2024-06-27,68.85,69.0,68.44,68.91,5449893.0
STK3,2024-06-26,68.82,68.935,68.38,68.79,6940983.0
STK3,2024-06-25,69.6,69.79,68.86,69.08,12549824.0
STK3,2024-06-24,68.82,69.97,68.77,69.74,8978368.0
STK3,2024-06-21,70.06,70.135,69.34,69.39,9495596.0
STK3,2024-06-20,69.42,69.945,69.19,69.8,13974042.0
STK3,2024-06-18,68.61,69.225,68.55,69.2,12286785.0
STK3,2024-06-17,69.57,69.73,69.1,69.17,10513212.0
STK3,2024-06-14,69.7,70.03,69.41,69.94,10140359.0
STK3,2024-06-13,70.06,70.37,69.3813,70.11,11487021.0
STK3,2024-06-12,71.3,71.31,69.72,69.95,12456076.0
STK3,2024-06-11,70.24,70.51,69.81,70.41,11347403.0
STK3,2024-06-10,69.93,70.96,69.745,70.84,9795789.0
STK3,2024-06-07,70.1,70.66,69.915,69.94,8143408.0
STK4,2025-06-06,253.535,255.59,252.64,252.73,5577034.0
STK4,2025-06-05,253.74,256.06,249.76,251.3,8057739.0
STK4,2025-06-04,250.57,252.61,248.36,251.75,7258713.0
STK4,2025-06-03,243.48,249.17,242.35,248.79,7518683.0
STK4,2025-06-02,239.175,244.03,238.96,243.3,4719859.0
STK4,2025-05-30,243.23,243.23,235.37,239.75,11064652.0
STK4,2025-05-29,249.0,249.21,242.7001,244.08,9135620.0
STK4,2025-05-28,245.29,246.21,241.905,242.36,10739453.0
STK4,2025-05-27,242.49,245.69,240.6594,244.97,8858899.0
STK4,2025-05-23,235.231,238.86,234.585,237.44,6577211.0
STK4,2025-05-22,241.03,243.61,240.32,240.81,5185483.0
STK4,2025-05-21,243.33,248.58,240.02,241.47,6392549.0
STK4,2025-05-20,243.87,245.61,242.88,245.54,3115165.0
STK4,2025-05-19,241.4,246.5,241.29,246.01,4196067.0
STK4,2025-05-16,247.54,247.61,244.12,246.42,3800074.0
STK4,2025-05-15,245.75,249.0,244.075,247.13,6446329.0
STK4,2025-05-14,247.65,249.44,245.6,247.99,7439569.0
STK4,2025-05-13,239.05,246.69,238.6,245.56,8665579.0
STK4,2025-05-12,236.72,238.67,234.05,237.41,9246912.0
STK4,2025-05-09,224.525,225.3625,221.99,223.4,3495475.0
STK4,2025-05-08,222.845,224.84,220.1,221.95,5919181.0
STK4,2025-05-07,215.72,220.92,214.19,220.02,9074353.0
STK4,2025-05-06,213.65,217.44,212.8352,215.59,5019386.0
STK4,2025-05-05,217.03,219.6,216.9,217.61,4536036.0
STK4,2025-05-02,217.99,220.92,217.235,219.03,6522174.0
STK4,2025-05-01,214.93,216.5259,212.11,212.3,6878154.0
STK4,2025-04-30,205.02,211.74,203.89,211.28,5974393.0
STK4,2025-04-29,209.33,212.25,208.52,210.29,4506180.0
STK4,2025-04-28,210.89,212.207,206.4,210.65,5804925.0
STK4,2025-04-25,207.18,213.29,206.5,211.97,7487437.0
STK4,2025-04-24,203.22,209.28,202.1845,208.97,9696207.0
STK4,2025-04-23,201.58,203.08,198.075,198.91,11495848.0
STK4,2025-04-22,190.35,193.3,188.96,191.9,7242693.0
STK4,2025-04-21,188.898,189.3884,184.4,187.83,9572732.0
STK4,2025-04-17,195.82,196.0,191.0,192.53,7067351.0
STK4,2025-04-16,193.16,196.76,188.53,194.35,13067200.0
STK4,2025-04-15,202.67,205.14,201.94,202.92,5097847.0
STK4,2025-04-14,206.615,206.78,198.77,201.61,9843315.0
STK4,2025-04-11,195.7,201.94,193.7,201.31,10156256.0
STK4,2025-04-10,201.38,202.5,189.04,196.21,18282536.0
STK4,2025-04-09,181.76,212.81,180.27,210.83,22178514.0
STK4,2025-04-08,192.99,195.72,176.05,179.95,19097648.0
STK4,2025-04-07,173.49,194.83,170.11,184.9,25600318.0
STK4,2025-04-04,188.7,190.29,178.231,180.8,22160097.0
STK4,2025-04-03,202.69,204.49,195.34,195.57,14298993.0
STK4,2025-04-02,208.96,216.61,208.47,214.09,7096159.0
STK4,2025-04-01,210.96,212.54,207.26,212.49,6151300.0
STK4,2025-03-31,207.33,211.69,204.51,211.47,9477213.0
STK4,2025-03-28,216.8,218.04,211.05,212.17,8722097.0
STK4,2025-03-27,219.05,220.7,216.565,217.75,9072487.0
STK4,2025-03-26,228.4,228.795,220.05,222.01,9685704.0
STK4,2025-03-25,230.45,230.66,228.85,229.65,3451806.0
STK4,2025-03-24,229.2,232.418,229.1,230.63,6503200.0
STK4,2025-03-21,222.77,225.61,221.41,224.77,6319285.0
STK4,2025-03-20,225.14,229.01,224.892,227.05,3654700.0
STK4,2025-03-19,225.42,231.015,223.775,227.41,4932530.0
STK4,2025-03-18,226.63,227.77,223.88,225.42,5196659.0
STK4,2025-03-17,226.23,231.04,226.02,228.96,5192188.0
STK4,2025-03-14,223.35,226.964,223.28,226.57,5100693.0
STK4,2025-03-13,220.78,223.88,217.81,219.55,5126791.0
STK4,2025-03-12,220.32,222.95,218.18,220.52,8710844.0
STK4,2025-03-11,215.21,219.02,210.46,214.22,7381274.0
STK4,2025-03-10,219.57,221.29,211.51,214.53,9406758.0
STK4,2025-03-07,220.6,225.75,217.07,225.09,9426838.0
STK4,2025-03-06,221.98,226.16,219.07,219.78,9155207.0
STK4,2025-03-05,227.82,230.21,223.47,229.4,6799419.0
STK4,2025-03-04,222.464,230.8,218.05,225.23,12563101.0
STK4,2025-03-03,235.365,235.37,220.95,223.01,10001218.0
STK4,2025-02-28,228.37,233.78,225.63,232.77,8654651.0
STK4,2025-02-27,246.072,246.38,228.7,228.79,10520634.0
STK4,2025-02-26,241.6,246.12,240.9,243.82,6675886.0
STK4,2025-02-25,242.71,243.78,237.34,238.25,7658557.0
STK4,2025-02-24,251.3,252.06,243.28,243.42,7518002.0
STK4,2025-02-21,258.35,258.7,249.19,249.99,7578486.0
STK4,2025-02-20,258.07,259.63,254.92,257.8,4401707.0
STK4,2025-02-19,255.98,258.3799,253.88,257.34,3025373.0
STK4,2025-02-18,254.715,257.2,253.34,256.22,6361446.0
STK4,2025-02-14,252.0,253.22,250.63,252.58,4279519.0
STK4,2025-02-13,248.0,252.09,247.79,251.92,4486146.0
STK4,2025-02-12,245.7,248.74,244.54,248.51,4212803.0
STK4,2025-02-11,247.7,251.04,247.41,249.87,3134879.0
STK4,2025-02-10,247.0,250.29,247.0,249.62,4231308.0
STK4,2025-02-07,249.56,250.65,243.48,245.0,7258908.0
STK4,2025-02-06,247.18,248.43,245.61,248.35,4877200.0
STK4,2025-02-05,242.12,247.5,240.4,247.14,4811115.0
STK4,2025-02-04,238.81,242.62,238.58,241.47,4579021.0
STK4,2025-02-03,235.97,241.64,235.12,238.78,7479648.0
STK4,2025-01-31,246.17,251.455,242.92,243.62,8021088.0
STK4,2025-01-30,243.42,245.8499,240.67,245.17,7676288.0
STK4,2025-01-29,242.41,242.4537,236.635,239.53,8366035.0
STK4,2025-01-28,237.89,241.031,232.26,240.45,11707323.0
STK4,2025-01-27,242.48,245.08,232.24,235.81,21944880.0
STK4,2025-01-24,267.4,267.43,260.62,261.53,5119857.0
STK4,2025-01-23,263.02,266.86,261.9,266.85,4704876.0
STK4,2025-01-22,266.0,269.66,265.14,267.17,6616460.0
STK4,2025-01-21,260.8,264.32,258.4506,262.39,4922970.0
STK4,2025-01-17,257.98,258.68,255.61,258.25,5387323.0
STK4,2025-01-16,257.11,257.2,252.15,252.29,5696146.0
STK4,2025-01-15,249.245,252.07,247.7,251.21,5316796.0
STK4,2025-01-14,247.73,248.3828,242.39,245.44,3791539.0
STK4,2025-01-13,241.065,244.93,240.62,244.64,6007459.0
STK4,2025-01-10,249.41,249.59,244.92,247.18,6901514.0
STK4,2025-01-08,253.56,254.33,249.5108,252.23,5189522.0
STK4,2025-01-07,263.42,263.58,253.05,254.04,7661073.0
STK4,2025-01-06,258.67,263.29,258.5,260.23,10533193.0
STK4,2025-01-03,247.0,252.33,246.68,251.88,4997025.0
STK4,2025-01-02,244.52,247.75,242.25,244.79,4464000.0
STK4,2024-12-31,245.51,246.05,241.4,242.17,3071840.0
STK4,2024-12-30,244.62,247.35,242.73,244.66,3532095.0
STK4,2024-12-27,249.28,250.07,245.16,248.4,3812328.0
STK4,2024-12-26,250.42,252.39,248.88,250.93,2171444.0
STK4,2024-12-24,250.44,251.37,249.38,251.37,2097390.0
STK4,2024-12-23,243.53,249.585,243.53,249.22,6650078.0
STK4,2024-12-20,237.4,245.2599,236.54,242.71,6909310.0
STK4,2024-12-19,243.0,243.25,238.35,238.87,6895880.0
STK4,2024-12-18,252.16,254.47,240.4527,241.99,8125847.0
STK4,2024-12-17,250.48,251.17,248.03,249.96,4027848.0
STK4,2024-12-16,250.5,254.355,248.92,253.25,4892952.0
STK4,2024-12-13,249.52,251.63,246.05,249.49,8628587.0
STK4,2024-12-12,244.01,244.64,241.93,243.37,3979280.0
STK4,2024-12-11,243.645,247.04,241.73,245.75,5588413.0
STK4,2024-12-10,246.43,247.15,238.37,239.88,6402370.0
STK4,2024-12-09,246.22,248.96,244.93,246.07,4532551.0
STK4,2024-12-06,247.88,249.4216,247.21,248.61,3885289.0
STK4,2024-12-05,251.89,252.16,247.58,248.3,3872077.0
STK4,2024-12-04,252.23,253.065,249.32,252.63,5457365.0
STK4,2024-12-03,246.93,248.68,245.93,248.42,3227262.0
STK4,2024-12-02,243.35,249.15,243.35,247.87,8070277.0
STK4,2024-11-29,240.0,244.49,239.59,242.13,5607353.0
STK4,2024-11-27,239.66,239.8,234.17,238.25,6911612.0
STK4,2024-11-26,245.82,246.12,239.89,241.42,4996487.0
STK4,2024-11-25,246.35,246.35,242.2765,243.66,4562667.0
STK4,2024-11-22,245.97,246.64,243.31,244.62,4746337.0
STK4,2024-11-21,245.52,248.1899,239.6,246.1,8825388.0
STK4,2024-11-20,243.33,243.75,238.65,242.54,7585585.0
STK4,2024-11-19,241.1,244.27,240.6,244.18,4505181.0
STK4,2024-11-18,239.025,242.17,237.39,241.54,7707042.0
STK4,2024-11-15,244.17,244.57,238.8001,239.95,9499673.0
STK4,2024-11-14,249.56,250.96,247.38,248.18,4607584.0
STK4,2024-11-13,250.65,251.18,247.22,247.63,5537892.0
STK4,2024-11-12,253.1,253.57,248.86,251.86,6574034.0
STK4,2024-11-11,257.92,258.05,250.99,253.53,7667252.0
STK4,2024-11-08,260.76,261.88,257.92,259.34,3915598.0
STK4,2024-11-07,258.39,261.15,258.14,261.02,5370187.0
STK4,2024-11-06,252.29,255.69,250.21,254.81,7284403.0
STK4,2024-11-05,245.25,249.04,245.08,248.31,4344210.0
STK4,2024-11-04,245.31,247.51,243.41,244.27,5199206.0
STK4,2024-11-01,244.19,247.29,243.35,244.75,5520983.0
STK4,2024-10-31,248.27,248.27,240.28,241.68,9464712.0
STK4,2024-10-30,251.74,253.0,249.45,250.68,5348394.0
STK4,2024-10-29,251.9,258.33,250.86,256.92,5392840.0
STK4,2024-10-28,252.77,253.05,251.0,251.21,3557268.0
STK4,2024-10-25,252.49,256.55,252.3,252.96,6835930.0
STK4,2024-10-24,250.87,251.2,248.2,250.06,2595528.0
STK4,2024-10-23,250.45,251.67,245.84,249.01,4971630.0
STK4,2024-10-22,251.33,252.49,249.67,251.69,3629141.0
STK4,2024-10-21,251.0,253.05,249.49,252.84,3923395.0
STK4,2024-10-18,253.5,253.52,250.86,251.51,3720736.0
STK4,2024-10-17,255.175,256.17,251.5,251.58,6744992.0
STK4,2024-10-16,249.83,249.83,245.5,247.32,5692277.0
STK4,2024-10-15,261.0,262.105,245.5786,247.16,14128878.0
STK4,2024-10-14,258.52,262.26,258.42,261.28,4608583.0
STK4,2024-10-11,253.61,257.295,253.6,256.69,4202875.0
STK4,2024-10-10,252.51,255.87,250.995,254.65,4044564.0
STK4,2024-10-09,252.99,255.41,250.21,255.15,4063391.0
STK4,2024-10-08,249.16,253.17,247.88,252.52,4435348.0
STK4,2024-10-07,246.53,250.6,246.31,248.22,4958756.0
STK4,2024-10-04,249.21,249.21,244.33,247.82,5776498.0
STK4,2024-10-03,241.55,247.15,241.34,244.55,5926885.0
STK4,2024-10-02,239.17,244.45,237.59,242.32,5842606.0
STK4,2024-10-01,245.63,246.58,237.0,238.88,7751838.0
STK4,2024-09-30,244.15,247.01,241.87,245.45,6256911.0
STK4,2024-09-27,253.19,253.21,246.12,247.74,7128566.0
STK4,2024-09-26,255.5,255.99,247.37,252.62,10082089.0
STK4,2024-09-25,243.23,247.0795,242.8,245.54,4978310.0
STK4,2024-09-24,241.08,244.38,238.2838,243.4,5435856.0
STK4,2024-09-23,238.81,239.8199,237.12,238.95,3781433.0
STK4,2024-09-20,238.8,239.65,234.96,237.9,8183279.0
STK4,2024-09-19,239.97,243.8525,238.31,241.09,11254192.0
STK4,2024-09-18,234.89,237.84,230.79,231.06,7299791.0
STK4,2024-09-17,236.61,237.13,231.84,233.72,4722843.0
STK4,2024-09-16,233.39,235.0,230.8678,233.8,5505227.0
STK4,2024-09-13,235.0,237.55,234.22,236.91,6405793.0
STK4,2024-09-12,232.92,235.955,229.962,233.9,8212412.0
STK4,2024-09-11,223.79,233.7,219.4,233.4,11148303.0
STK4,2024-09-10,220.62,222.14,216.46,221.94,7651577.0
STK4,2024-09-09,218.46,220.31,215.79,219.86,7933427.0
STK4,2024-09-06,223.35,223.67,213.57,215.0,12019320.0
STK4,2024-09-05,222.06,227.77,221.73,224.26,6535443.0
STK4,2024-09-04,221.83,228.58,221.46,224.65,8590204.0
STK4,2024-09-03,238.87,238.87,223.81,225.19,14466252.0
STK4,2024-08-30,242.45,244.6,239.38,243.46,8623765.0
STK4,2024-08-29,240.47,244.51,236.78,237.91,9256468.0
STK4,2024-08-28,244.5,245.68,237.82,240.89,8114008.0
STK4,2024-08-27,240.67,245.75,238.57,245.01,5534390.0
STK4,2024-08-26,247.49,248.55,241.13,242.57,6925237.0
STK4,2024-08-23,245.85,250.33,244.7,248.39,6933374.0
STK4,2024-08-22,252.52,253.32,241.54,242.42,8007438.0
STK4,2024-08-21,248.6,251.87,247.865,250.63,4813708.0
STK4,2024-08-20,250.15,251.53,245.87,248.06,6578580.0
STK4,2024-08-19,245.79,251.4,243.29,251.34,5564348.0
STK4,2024-08-16,244.21,247.4,243.0,246.71,5194621.0
STK4,2024-08-15,240.8,247.34,239.53,246.37,8376779.0
STK4,2024-08-14,238.71,239.18,232.16,236.39,7187132.0
STK4,2024-08-13,230.545,236.3,228.87,236.19,7647449.0
STK4,2024-08-12,225.19,229.55,224.05,226.96,6751158.0
STK4,2024-08-09,224.7,226.49,221.39,224.85,7241675.0
STK4,2024-08-08,217.6,225.27,212.7,224.91,11407866.0
STK4,2024-08-07,224.69,226.1,211.01,211.47,13066499.0
STK4,2024-08-06,216.54,222.8,212.64,217.46,15388764.0
STK4,2024-08-05,200.98,218.5,200.49,213.31,18420837.0
STK4,2024-08-02,219.92,222.34,214.18,218.43,20261333.0
STK4,2024-08-01,244.04,246.8,227.9004,231.01,17111645.0
STK4,2024-07-31,242.5,247.69,240.51,246.99,18412093.0
STK4,2024-07-30,240.22,240.71,228.33,229.47,12932120.0
STK4,2024-07-29,242.44,245.23,237.77,238.6,6745307.0
STK4,2024-07-26,242.22,242.32,238.18,240.31,7325633.0
STK4,2024-07-25,239.0,243.64,230.82,236.56,18765116.0
STK4,2024-07-24,250.59,251.32,240.34,240.98,11295018.0
STK4,2024-07-23,254.98,257.37,254.335,254.86,5869857.0
STK4,2024-07-22,253.0,257.9,251.61,257.72,10757923.0
STK4,2024-07-19,254.86,255.21,247.79,248.14,8589500.0
STK4,2024-07-18,259.13,260.0,250.01,255.54,12807627.0
STK4,2024-07-17,263.79,264.0,253.85,254.22,15181903.0
STK4,2024-07-16,275.31,275.63,270.5407,273.71,5638589.0
STK4,2024-07-15,276.41,277.4689,272.02,273.83,7814828.0
STK4,2024-07-12,271.8,278.94,271.06,274.45,8392846.0
STK4,2024-07-11,283.0,283.07,269.9999,271.02,12287006.0
STK4,2024-07-10,278.13,281.73,276.29,281.27,6180973.0
STK4,2024-07-09,276.29,277.61,272.16,274.81,5915764.0
STK4,2024-07-08,272.84,275.7047,272.55,274.21,5832663.0
STK4,2024-07-05,271.22,272.05,268.05,269.72,6415237.0
STK4,2024-07-03,264.09,270.4,263.28,269.62,4633045.0
STK4,2024-07-02,258.99,263.66,258.71,263.63,4117110.0
STK4,2024-07-01,261.0,261.349,255.662,261.01,6185982.0
STK4,2024-06-28,260.475,266.4,258.98,260.7,7743251.0
STK4,2024-06-27,260.4,262.43,257.64,258.86,5738731.0
STK4,2024-06-26,261.61,263.07,257.75,260.91,5950295.0
STK4,2024-06-25,258.52,261.91,255.81,261.77,6743540.0
STK4,2024-06-24,261.5,263.085,255.73,255.78,10154101.0
STK4,2024-06-21,265.57,268.93,262.015,264.89,11809908.0
STK4,2024-06-20,279.22,279.57,267.08,268.92,14053815.0
STK4,2024-06-18,273.52,278.27,273.02,276.76,8241579.0
STK4,2024-06-17,270.71,273.21,266.9186,272.48,7501958.0
STK4,2024-06-14,265.4,268.589,264.62,267.89,6257022.0
STK4,2024-06-13,266.79,268.1399,263.96,267.21,7647184.0
STK4,2024-06-12,260.57,264.55,259.76,263.09,8051492.0
STK4,2024-06-11,255.0,255.89,251.85,255.48,6117786.0
STK4,2024-06-10,251.1,256.72,250.0478,255.86,6430878.0
STK4,2024-06-07,252.24,254.06,250.49,252.21,5470342.0
